token	lemma	pos	is_alpha	is_stop
BOAS	BOAS	PROPN	True	False
PRÁTICAS	PRÁTICAS	NOUN	True	False
Pedro	Pedro	PROPN	True	False
Sérgio	Sérgio	PROPN	True	False
Rosa	Rosa	PROPN	True	False
é	ser	AUX	True	True
doutor	doutor	NOUN	True	False
em	em	ADP	True	True
Educação	Educação	PROPN	True	False
para	para	ADP	True	True
a	o	DET	True	True
Ciência	Ciência	PROPN	True	False
(	(	PUNCT	False	False
Unesp	Unesp	PROPN	True	False
)	)	PUNCT	False	False
,	,	PUNCT	False	False
mestre	mestre	NOUN	True	False
em	em	ADP	True	True
Física	Física	PROPN	True	False
(	(	PUNCT	False	False
Unicamp	Unicamp	PROPN	True	False
)	)	PUNCT	False	False
,	,	PUNCT	False	False
Bacharel	Bacharel	PROPN	True	False
(	(	PUNCT	False	False
UEL	UEL	PROPN	True	False
)	)	PUNCT	False	False
e	e	CCONJ	True	True
Licenciado	Licenciado	PROPN	True	False
(	(	PUNCT	False	False
Unesp	Unesp	PROPN	True	False
)	)	PUNCT	False	False
em	em	ADP	True	True
Física	Física	PROPN	True	False
.	.	PUNCT	False	False
Professor	professor	NOUN	True	False
do	de o	ADP	True	True
curso	curso	NOUN	True	False
de	de	ADP	True	True
Produção	Produção	NOUN	True	False
Fonográfica	Fonográfica	PROPN	True	False
na	em o	ADP	True	True
Fatec	Fatec	PROPN	True	False
Tatuí	Tatuí	PROPN	True	False
,	,	PUNCT	False	False
relata	relatar	VERB	True	False
como	como	SCONJ	True	True
superar	superar	VERB	True	False
a	o	DET	True	True
barreira	barreira	NOUN	True	False
do	de o	ADP	True	True
idioma	idioma	NOUN	True	False
e	e	CCONJ	True	True
desenvolver	desenvolver	VERB	True	False
um	um	DET	True	True
Projeto	Projeto	PROPN	True	False
Colaborativo	Colaborativo	PROPN	True	False
Internacional	Internacional	PROPN	True	False
em	em	ADP	True	True
uma	um	DET	True	True
área	área	NOUN	True	True
aparentemente	aparentemente	ADV	True	False
árida	árido	ADJ	True	False
,	,	PUNCT	False	False
a	o	DET	True	True
física	física	NOUN	True	False
das	de o	ADP	True	True
ondas	ondas	NOUN	True	False
.	.	PUNCT	False	False
Os	o	DET	True	True
desafios	desafio	NOUN	True	False
são	ser	AUX	True	True
vários	vários	PRON	True	True
,	,	PUNCT	False	False
mas	mas	CCONJ	True	True
,	,	PUNCT	False	False
o	o	DET	True	True
principal	principal	NOUN	True	False
é	ser	AUX	True	True
,	,	PUNCT	False	False
em	em	ADP	True	True
tese	tese	NOUN	True	False
,	,	PUNCT	False	False
a	o	DET	True	True
barreira	barreira	NOUN	True	False
do	de o	ADP	True	True
idioma	idioma	NOUN	True	False
.	.	PUNCT	False	False
Por	por	ADP	True	True
que	que	PRON	True	True
em	em	ADP	True	True
tese	tese	NOUN	True	False
?	?	PUNCT	False	False
Porque	porque	SCONJ	True	True
são	ser	AUX	True	True
três	três	NUM	True	True
aspectos	aspecto	NOUN	True	False
:	:	PUNCT	False	False
leitura	leitura	NOUN	True	False
,	,	PUNCT	False	False
escrita	escrever	VERB	True	False
e	e	CCONJ	True	True
comunicação	comunicação	NOUN	True	False
oral	oral	ADJ	True	False
.	.	PUNCT	False	False
A	o	DET	True	True
leitura	leitura	NOUN	True	False
para	para	ADP	True	True
mim	eu	PRON	True	False
era	ser	AUX	True	True
normal	normal	ADJ	True	False
,	,	PUNCT	False	False
pois	pois	SCONJ	True	True
,	,	PUNCT	False	False
desde	desde	ADP	True	True
o	o	DET	True	True
Bacharelado	Bacharelado	PROPN	True	False
em	em	ADP	True	True
Física	Física	PROPN	True	False
estava	estar	AUX	True	True
acostumado	acostumar	VERB	True	False
com	com	ADP	True	True
os	o	DET	True	True
textos	texto	NOUN	True	False
científicos	científico	ADJ	True	False
em	em	ADP	True	True
inglês	inglês	NOUN	True	False
.	.	PUNCT	False	False
Por	por	ADP	True	True
outro	outro	DET	True	False
lado	lado	NOUN	True	True
,	,	PUNCT	False	False
a	o	DET	True	True
escrita	escrita	NOUN	True	False
em	em	ADP	True	True
outro	outro	DET	True	False
idioma	idioma	NOUN	True	False
não	não	ADV	True	True
é	ser	AUX	True	True
nada	nada	PRON	True	True
trivial	trivial	ADJ	True	False
,	,	PUNCT	False	False
uma	uma	DET	True	True
vez	vez	NOUN	True	True
que	que	SCONJ	True	True
é	ser	AUX	True	True
necessário	necessário	ADJ	True	False
estar	estar	AUX	True	True
continuamente	continuamente	ADV	True	False
estudando	estudar	VERB	True	False
.	.	PUNCT	False	False
A	o	DET	True	True
parte	parte	NOUN	True	True
mais	mais	ADV	True	True
complexa	complexo	ADJ	True	False
é	ser	AUX	True	True
a	o	DET	True	True
comunicação	comunicação	NOUN	True	False
oral	oral	ADJ	True	False
:	:	PUNCT	False	False
compreender	compreender	VERB	True	False
o	o	PRON	True	True
que	que	PRON	True	True
um	um	DET	True	True
nativo	nativo	NOUN	True	False
da	de o	ADP	True	True
língua	língua	NOUN	True	False
fala	falar	VERB	True	False
e	e	CCONJ	True	True
responder	responder	VERB	True	False
adequadamente	adequadamente	ADV	True	False
.	.	PUNCT	False	False
Classifico	classifico	NOUN	True	False
por	por	ADP	True	True
nível	nível	NOUN	True	True
de	de	ADP	True	True
dificuldade	dificuldade	NOUN	True	False
,	,	PUNCT	False	False
a	a	ADP	True	True
partir	partir	VERB	True	True
do	de o	ADP	True	True
mais	mais	ADV	True	True
fácil	fácil	ADJ	True	False
:	:	PUNCT	False	False
leitura	leitura	NOUN	True	False
,	,	PUNCT	False	False
escrita	escrever	VERB	True	False
e	e	CCONJ	True	True
comunicação	comunicação	NOUN	True	False
oral	oral	ADJ	True	False
em	em	ADP	True	True
língua	língua	NOUN	True	False
inglesa	inglês	ADJ	True	False
.	.	PUNCT	False	False
Para	para	ADP	True	True
um	um	DET	True	True
nativo	nativo	NOUN	True	False
,	,	PUNCT	False	False
a	o	DET	True	True
comunicação	comunicação	NOUN	True	False
entre	entre	ADP	True	True
pares	par	NOUN	True	False
é	ser	AUX	True	True
sempre	sempre	ADV	True	True
muito	muito	ADV	True	True
mais	mais	ADV	True	True
rápida	rápido	ADJ	True	False
.	.	PUNCT	False	False
Em	em	ADP	True	True
relação	relação	NOUN	True	True
ao	a o	ADP	True	True
ensino	ensino	NOUN	True	False
de	de	ADP	True	True
Acústica	Acústica	PROPN	True	False
Aplicada	Aplicada	VERB	True	False
à	a o	ADP	True	True
Produção	Produção	PROPN	True	False
Fonográfica	Fonográfica	PROPN	True	False
,	,	PUNCT	False	False
disciplina	disciplina	NOUN	True	False
que	que	PRON	True	True
ministro	ministro	NOUN	True	False
na	em o	ADP	True	True
Fatec	Fatec	PROPN	True	False
,	,	PUNCT	False	False
observo	observo	NOUN	True	False
que	que	PRON	True	True
,	,	PUNCT	False	False
para	para	SCONJ	True	True
planejar	planejar	VERB	True	False
um	um	DET	True	True
Projeto	Projeto	PROPN	True	False
Colaborativo	Colaborativo	PROPN	True	False
Internacional	Internacional	PROPN	True	False
(	(	PUNCT	False	False
PCI	PCI	PROPN	True	False
)	)	PUNCT	False	False
,	,	PUNCT	False	False
são	ser	AUX	True	True
necessárias	necessário	ADJ	True	False
muitas	muito	DET	True	False
reuniões	reunião	NOUN	True	False
,	,	PUNCT	False	False
diálogos	diálogo	NOUN	True	False
e	e	CCONJ	True	True
correções	correção	NOUN	True	False
de	de	ADP	True	True
rota	rota	NOUN	True	False
.	.	PUNCT	False	False
O	o	PRON	True	True
que	que	PRON	True	True
me	eu	PRON	True	True
ajudou	ajudar	VERB	True	False
enormemente	enormemente	ADV	True	False
foi	ser	AUX	True	True
ter	ter	AUX	True	True
realizado	realizar	VERB	True	False
,	,	PUNCT	False	False
com	com	ADP	True	True
a	o	DET	True	True
professora	professora	NOUN	True	False
de	de	ADP	True	True
inglês	inglês	NOUN	True	False
Dulce	Dulce	PROPN	True	False
Helena	Helena	PROPN	True	False
Soares	Soares	PROPN	True	False
Villa	Villa	PROPN	True	False
Nova	Nova	PROPN	True	True
e	e	CCONJ	True	True
com	com	ADP	True	True
o	o	DET	True	True
estudante	estudante	NOUN	True	False
Flavio	Flavio	PROPN	True	False
Lee	Lee	PROPN	True	False
,	,	PUNCT	False	False
da	de o	ADP	True	True
monitoria	monitoria	NOUN	True	False
em	em	ADP	True	True
línguas	língua	NOUN	True	False
da	de o	ADP	True	True
Fatec	Fatec	PROPN	True	False
Tatuí	Tatuí	PROPN	True	False
,	,	PUNCT	False	False
aulas	aula	NOUN	True	False
e	e	CCONJ	True	True
correções	correção	NOUN	True	False
na	em o	ADP	True	True
pronúncia	pronúncia	NOUN	True	False
,	,	PUNCT	False	False
bem	bem	ADP	True	True
como	como	ADV	True	True
treinos	treino	NOUN	True	False
que	que	PRON	True	True
tornaram	tornar	VERB	True	False
minha	meu	DET	True	True
audição	audição	NOUN	True	False
mais	mais	ADV	True	True
aguda	agudar	ADJ	True	False
.	.	PUNCT	False	False
Isso	isso	PRON	True	True
permitiu	permitir	VERB	True	False
,	,	PUNCT	False	False
com	com	ADP	True	True
o	o	DET	True	True
tempo	tempo	NOUN	True	True
,	,	PUNCT	False	False
melhorar	melhorar	VERB	True	False
minha	meu	DET	True	True
compreensão	compreensão	NOUN	True	False
da	de o	ADP	True	True
fala	fala	NOUN	True	False
de	de	ADP	True	True
Machele	Machele	PROPN	True	False
Kindle	Kindle	PROPN	True	False
e	e	CCONJ	True	True
James	James	PROPN	True	False
Goodwin	Goodwin	PROPN	True	False
,	,	PUNCT	False	False
professores	professor	NOUN	True	False
colaboradores	colaborador	ADJ	True	False
no	em o	ADP	True	True
PCI	PCI	NOUN	True	False
desenvolvido	desenvolver	VERB	True	False
entre	entre	ADP	True	True
Fatec	Fatec	PROPN	True	False
Tatuí	Tatuí	PROPN	True	False
e	e	CCONJ	True	True
BridgeValley	BridgeValley	PROPN	True	False
Community	Community	PROPN	True	False
College	College	PROPN	True	False
(	(	PUNCT	False	False
EUA	EUA	PROPN	True	False
)	)	PUNCT	False	False
.	.	PUNCT	False	False
Porém	porém	ADV	True	True
,	,	PUNCT	False	False
como	como	ADP	True	True
todo	todo	DET	True	True
processo	processo	NOUN	True	False
de	de	ADP	True	True
aprimoramento	aprimoramento	NOUN	True	False
,	,	PUNCT	False	False
para	para	SCONJ	True	True
se	se	PRON	True	True
ter	ter	VERB	True	True
proficiência	proficiência	NOUN	True	False
em	em	ADP	True	True
outra	outro	DET	True	True
língua	língua	NOUN	True	False
,	,	PUNCT	False	False
a	o	DET	True	True
quantidade	quantidade	NOUN	True	False
de	de	ADP	True	True
horas	hora	NOUN	True	False
de	de	ADP	True	True
prática	prática	NOUN	True	False
é	ser	AUX	True	True
decisiva	decisivo	ADJ	True	False
.	.	PUNCT	False	False
O	o	DET	True	True
contato	contato	NOUN	True	False
com	com	ADP	True	True
o	o	DET	True	True
nativo	nativo	ADJ	True	False
cria	criar	VERB	True	False
uma	um	DET	True	True
memória	memória	NOUN	True	False
de	de	ADP	True	True
audibilidade	audibilidade	NOUN	True	False
que	que	PRON	True	True
permite	permitir	VERB	True	False
assistir	assistir	VERB	True	False
a	a	ADP	True	True
um	um	DET	True	True
programa	programa	NOUN	True	False
,	,	PUNCT	False	False
filme	filme	NOUN	True	False
,	,	PUNCT	False	False
documentário	documentário	NOUN	True	False
na	em o	ADP	True	True
língua	língua	NOUN	True	False
inglesa	inglês	ADJ	True	False
sem	sem	ADP	True	True
a	o	DET	True	True
necessidade	necessidade	NOUN	True	False
da	de o	ADP	True	True
leitura	leitura	NOUN	True	False
total	total	ADJ	True	False
da	de o	ADP	True	True
tradução	tradução	NOUN	True	False
pela	por o	ADP	True	True
legenda	legenda	NOUN	True	False
.	.	PUNCT	False	False
Não	não	ADV	True	True
há	haver	VERB	True	False
que	que	SCONJ	True	True
se	se	PRON	True	True
ter	ter	VERB	True	True
receio	receio	NOUN	True	False
de	de	SCONJ	True	True
aprender	aprender	VERB	True	False
algo	algo	PRON	True	True
novo	novo	ADJ	True	True
ou	ou	CCONJ	True	True
de	de	SCONJ	True	True
adquirir	adquirir	VERB	True	False
novas	novo	ADJ	True	True
habilidades	habilidade	NOUN	True	False
.	.	PUNCT	False	False
A	o	DET	True	True
dica	dica	NOUN	True	False
é	ser	AUX	True	True
não	não	ADV	True	True
ter	ter	VERB	True	True
medo	medo	NOUN	True	False
de	de	SCONJ	True	True
errar	errar	VERB	True	False
,	,	PUNCT	False	False
mas	mas	CCONJ	True	True
,	,	PUNCT	False	False
se	se	SCONJ	True	True
ocorrer	ocorrer	VERB	True	False
o	o	DET	True	True
erro	erro	NOUN	True	False
,	,	PUNCT	False	False
pedir	pedir	VERB	True	False
que	que	SCONJ	True	True
o	o	DET	True	True
professor	professor	NOUN	True	False
nativo	nativo	ADJ	True	False
ou	ou	CCONJ	True	True
o	o	DET	True	True
professor	professor	NOUN	True	False
de	de	ADP	True	True
línguas	língua	NOUN	True	False
que	que	PRON	True	True
participa	participar	VERB	True	False
do	de o	ADP	True	True
PCI	PCI	PROPN	True	False
ajude	ajude	PROPN	True	False
.	.	PUNCT	False	False
Durante	durante	ADP	True	False
o	o	DET	True	True
projeto	projeto	NOUN	True	False
,	,	PUNCT	False	False
passei	passar	VERB	True	False
a	a	SCONJ	True	True
assistir	assistir	VERB	True	False
a	a	ADP	True	True
filmes	filme	NOUN	True	False
com	com	ADP	True	True
áudio	áudio	NOUN	True	False
e	e	CCONJ	True	True
legenda	legenda	NOUN	True	False
em	em	ADP	True	True
inglês	inglês	NOUN	True	False
,	,	PUNCT	False	False
para	para	SCONJ	True	True
treinar	treinar	VERB	True	False
a	o	DET	True	True
audição	audição	NOUN	True	False
:	:	PUNCT	False	False
creio	crer	VERB	True	False
que	que	SCONJ	True	True
isso	isso	PRON	True	True
ajudou	ajudar	VERB	True	False
também	também	ADV	True	True
.	.	PUNCT	False	False
Finalizando	finalizando	VERB	True	False
,	,	PUNCT	False	False
diria	dir	VERB	True	False
que	que	SCONJ	True	True
os	o	DET	True	True
Projetos	Projetos	PROPN	True	False
Colaborativos	Colaborativos	PROPN	True	False
Internacionais	Internacionais	PROPN	True	False
da	de o	ADP	True	True
Cesu	Cesu	PROPN	True	False
/	/	PUNCT	False	False
Centro	Centro	PROPN	True	False
Paula	Paula	PROPN	True	False
Souza	Souza	PROPN	True	False
precisam	precisar	VERB	True	False
ser	ser	AUX	True	True
explorados	explorar	VERB	True	False
pela	por o	ADP	True	True
comunidade	comunidade	NOUN	True	False
de	de	ADP	True	True
alunos	aluno	NOUN	True	False
e	e	CCONJ	True	True
professores	professor	NOUN	True	False
que	que	PRON	True	True
consideram	considerar	VERB	True	False
a	o	DET	True	True
cooperação	cooperação	NOUN	True	False
como	como	ADP	True	True
um	um	DET	True	True
ganho	ganho	NOUN	True	False
fundamental	fundamental	ADJ	True	False
para	para	ADP	True	True
seu	seu	DET	True	True
aprimoramento	aprimoramento	NOUN	True	False
,	,	PUNCT	False	False
tanto	tanto	DET	True	True
pessoal	pessoal	NOUN	True	False
quanto	quanto	ADV	True	True
profissional	profissional	ADJ	True	False
.	.	PUNCT	False	False