Strata	Text Count	Word Count
vem_ed_01	4	1486
vem_ed_02	4	1459
vem_ed_03	4	1304
vem_ed_04	4	1350
vem_ed_05	4	1200
vem_ed_06	4	1366
vem_ed_07	4	1400
vem_ed_08	5	1481
vem_ed_09	5	1583
vem_ed_10	6	1452
vem_ed_11	5	1700
vem_ed_12	4	983
vem_ed_13	4	1341
vem_ed_14	5	1414
vem_ed_15	5	1615
vem_ed_16	5	1924
vem_ed_17	8	2336
vem_ed_18	4	1407
vem_ed_19	11	5046
vem_ed_20	7	2001
vem_ed_21	7	1389
vem_ed_22	7	1424
vem_ed_23	8	2857
vem_ed_24	6	2494
vem_ed_25	6	2680
vem_ed_26	5	2567
vem_ed_27	4	3525
vem_ed_28	5	3758
vem_ed_29	4	2288
vem_ed_30	5	2588
vem_ed_31	6	2840
vem_ed_32	7	3721
vem_ed_33	8	2528
vem_ed_34	5	3217
vem_ed_35	6	4216

overall	191	75940
