_NAME_	COMMUNAL
v000067	1.631045991
v000025	1.743589379
v000003	1.84308484
v000065	1.9685472166
v000036	2.0121750274
v000019	2.0287044911
v000070	2.042693868
v000023	2.0667250401
v000038	2.0673982016
v000012	2.0938575437
v000010	2.1069041554
v000060	2.1373980839
v000018	2.1424770782
v000066	2.1469169632
v000014	2.159083823
v000033	2.1703671155
v000031	2.1758503066
v000057	2.2120173943
v000022	2.2255642244
v000046	2.229046209
v000001	2.2322328992
v000050	2.2357014505
v000030	2.235807309
v000045	2.2551767346
v000052	2.2578238631
v000039	2.2702761394
v000053	2.2787471275
v000032	2.2942535944
v000054	2.3016978613
v000016	2.3040772443
v000049	2.3236621472
v000037	2.3361476804
v000044	2.3375394853
v000020	2.3380389247
v000004	2.3382208148
v000055	2.3386465447
v000006	2.3500420181
v000015	2.3646940772
v000058	2.3772395107
v000024	2.3930955414
v000017	2.3963314784
v000011	2.405893282
v000063	2.4068790943
v000048	2.4109028629
v000028	2.4286890836
v000059	2.4287858671
v000002	2.4293003517
v000040	2.4294681271
v000069	2.4310558475
v000007	2.4507199335
v000027	2.453162475
v000021	2.4601862006
v000005	2.4667569314
v000035	2.4734263628
v000056	2.4911591743
v000041	2.5012095065
v000042	2.5058572629
v000051	2.5066890813
v000009	2.5158326958
v000062	2.5258523878
v000047	2.5312909274
v000068	2.5341574698
v000026	2.5796615856
v000013	2.5897428459
v000064	2.621963935
v000029	2.6390207193
v000061	2.6419827611
v000008	2.6877189251
v000034	2.7398930525
v000043	2.7588260612
