Effect	edition	N	Mean fac1	SD fac1
edition	vem_ed_01	4	0.00000000	0.00000000
edition	vem_ed_02	4	-0.75000000	0.95742711
edition	vem_ed_03	4	1.00000000	1.63299316
edition	vem_ed_04	4	0.00000000	0.00000000
edition	vem_ed_05	4	-2.00000000	1.41421356
edition	vem_ed_06	4	0.00000000	0.81649658
edition	vem_ed_07	3	-2.00000000	0.00000000
edition	vem_ed_08	5	-0.20000000	0.44721360
edition	vem_ed_09	5	-1.00000000	1.22474487
edition	vem_ed_10	6	1.16666667	1.16904519
edition	vem_ed_11	4	0.50000000	1.00000000
edition	vem_ed_12	4	-1.75000000	1.50000000
edition	vem_ed_13	3	0.00000000	0.00000000
edition	vem_ed_14	5	-0.40000000	0.89442719
edition	vem_ed_15	5	0.60000000	0.54772256
edition	vem_ed_16	5	0.00000000	0.00000000
edition	vem_ed_17	6	-0.16666667	0.40824829
edition	vem_ed_18	4	1.00000000	0.81649658
edition	vem_ed_19	10	0.60000000	0.96609178
edition	vem_ed_20	6	1.16666667	1.16904519
edition	vem_ed_21	7	0.71428571	0.95118973
edition	vem_ed_22	5	-0.20000000	0.44721360
edition	vem_ed_23	5	1.20000000	0.44721360
edition	vem_ed_24	5	0.20000000	0.44721360
edition	vem_ed_25	6	1.33333333	1.03279556
edition	vem_ed_26	5	0.60000000	0.89442719
edition	vem_ed_27	2	7.00000000	7.07106781
edition	vem_ed_28	5	0.60000000	0.54772256
edition	vem_ed_29	3	1.33333333	1.15470054
edition	vem_ed_30	5	0.40000000	0.54772256
edition	vem_ed_31	6	1.33333333	0.81649658
edition	vem_ed_32	7	0.42857143	0.97590007
edition	vem_ed_33	7	-0.28571429	0.48795004
edition	vem_ed_34	5	0.40000000	0.89442719
edition	vem_ed_35	5	0.60000000	0.89442719
